<?xml version="1.0" encoding="UTF-8"?><?xml-stylesheet type='text/xsl' href='_UpgradeReport_Files/UpgradeReport.xslt'?><UpgradeLog>
<Properties><Property Name="Solution" Value="Bomberos">
</Property><Property Name="Solution File" Value="C:\Users\DAVID\AppData\Local\Temp\Rar$DI31.889\Bomberos.sln">
</Property><Property Name="Date" Value="domingo, 26 de agosto de 2012">
</Property><Property Name="Time" Value="13:45:16">
</Property></Properties><Event ErrorLevel="0" Project="Bomberos" Source="Bomberos.csproj" Description="Project file successfully backed up as C:\Users\DAVID\AppData\Local\Temp\Rar$DI31.889\Backup\Bomberos.csproj">
</Event><Event ErrorLevel="2" Project="Bomberos" Source="CaminoBomberos.cs" Description="Failed to backup file as C:\Users\DAVID\AppData\Local\Temp\Rar$DI31.889\Backup\CaminoBomberos.cs">
</Event><Event ErrorLevel="2" Project="Bomberos" Source="Properties\AssemblyInfo.cs" Description="Failed to backup file as C:\Users\DAVID\AppData\Local\Temp\Rar$DI31.889\Backup\Properties\AssemblyInfo.cs">
</Event><Event ErrorLevel="0" Project="Bomberos" Source="Bomberos.csproj" Description="Project converted successfully">
</Event><Event ErrorLevel="3" Project="Bomberos" Source="Bomberos.csproj" Description="Converted">
</Event><Event ErrorLevel="0" Project="Bomberos" Source="Bomberos.csproj" Description="Scan complete: Upgrade not required for project files.">
</Event></UpgradeLog>