<?xml version="1.0"?>
<doc>
    <assembly>
        <name>Weboo.Utils</name>
    </assembly>
    <members>
        <member name="T:Weboo.Utils.Operacion`1">
            <summary>
            Representa operaciones de agregación sobre un par de elementos de tipo <typeparamref name="T"/>
            </summary>
            <typeparam name="T">Tipo de los operandos y el resultado</typeparam>
            <param name="a">Primer operando</param>
            <param name="b">Segundo operando</param>
            <returns>Resultado de realizar la operación encapsulada a los parámetros <paramref name="a"/> y <paramref name="b"/></returns>
        </member>
    </members>
</doc>
