<?xml version="1.0" encoding="UTF-8"?><?xml-stylesheet type='text/xsl' href='_UpgradeReport_Files/UpgradeReport.xslt'?><UpgradeLog>
<Properties><Property Name="Solution" Value="PotenciaNumero">
</Property><Property Name="Solution File" Value="C:\Users\Slikker\Desktop\Potencia\Plantilla\C113-Yoel Acevedo Martinez\PotenciaNumero\PotenciaNumero.sln">
</Property><Property Name="Date" Value="miércoles, 24 de noviembre de 2010">
</Property><Property Name="Time" Value="13:49">
</Property></Properties><Event ErrorLevel="0" Project="" Source="PotenciaNumero.sln" Description="File successfully backed up as C:\Users\Slikker\Desktop\Potencia\Plantilla\C113-Yoel Acevedo Martinez\PotenciaNumero\Backup\PotenciaNumero.sln">
</Event><Event ErrorLevel="0" Project="PotenciaNumero" Source="PotenciaNumero\PotenciaNumero.csproj" Description="Project file successfully backed up as C:\Users\Slikker\Desktop\Potencia\Plantilla\C113-Yoel Acevedo Martinez\PotenciaNumero\Backup\PotenciaNumero\PotenciaNumero.csproj">
</Event><Event ErrorLevel="0" Project="PotenciaNumero" Source="PotenciaNumero\Prueba.cs" Description="File successfully backed up as C:\Users\Slikker\Desktop\Potencia\Plantilla\C113-Yoel Acevedo Martinez\PotenciaNumero\Backup\PotenciaNumero\Prueba.cs">
</Event><Event ErrorLevel="0" Project="PotenciaNumero" Source="PotenciaNumero\Properties\AssemblyInfo.cs" Description="File successfully backed up as C:\Users\Slikker\Desktop\Potencia\Plantilla\C113-Yoel Acevedo Martinez\PotenciaNumero\Backup\PotenciaNumero\Properties\AssemblyInfo.cs">
</Event><Event ErrorLevel="0" Project="PotenciaNumero" Source="PotenciaNumero\PotenciaNumero.csproj" Description="Project converted successfully">
</Event><Event ErrorLevel="3" Project="PotenciaNumero" Source="PotenciaNumero\PotenciaNumero.csproj" Description="Converted">
</Event><Event ErrorLevel="0" Project="ConsoleAppTesting" Source="ConsoleAppTesting\ConsoleAppTesting.csproj" Description="Project file successfully backed up as C:\Users\Slikker\Desktop\Potencia\Plantilla\C113-Yoel Acevedo Martinez\PotenciaNumero\Backup\ConsoleAppTesting\ConsoleAppTesting.csproj">
</Event><Event ErrorLevel="0" Project="ConsoleAppTesting" Source="ConsoleAppTesting\Program.cs" Description="File successfully backed up as C:\Users\Slikker\Desktop\Potencia\Plantilla\C113-Yoel Acevedo Martinez\PotenciaNumero\Backup\ConsoleAppTesting\Program.cs">
</Event><Event ErrorLevel="0" Project="ConsoleAppTesting" Source="ConsoleAppTesting\Properties\AssemblyInfo.cs" Description="File successfully backed up as C:\Users\Slikker\Desktop\Potencia\Plantilla\C113-Yoel Acevedo Martinez\PotenciaNumero\Backup\ConsoleAppTesting\Properties\AssemblyInfo.cs">
</Event><Event ErrorLevel="0" Project="ConsoleAppTesting" Source="ConsoleAppTesting\ConsoleAppTesting.csproj" Description="Project converted successfully">
</Event><Event ErrorLevel="3" Project="ConsoleAppTesting" Source="ConsoleAppTesting\ConsoleAppTesting.csproj" Description="Converted">
</Event><Event ErrorLevel="0" Project="" Source="PotenciaNumero.sln" Description="Solution converted successfully">
</Event><Event ErrorLevel="3" Project="" Source="PotenciaNumero.sln" Description="Converted">
</Event><Event ErrorLevel="0" Project="PotenciaNumero" Source="PotenciaNumero\PotenciaNumero.csproj" Description="Scan complete: Upgrade not required for project files.">
</Event><Event ErrorLevel="0" Project="ConsoleAppTesting" Source="ConsoleAppTesting\ConsoleAppTesting.csproj" Description="Scan complete: Upgrade not required for project files.">
</Event></UpgradeLog>