<?xml version="1.0"?>
<doc>
    <assembly>
        <name>Weboo.Utils</name>
    </assembly>
    <members>
        <member name="M:Weboo.Utils.Arbol`1.#ctor(`0)">
            <summary>
            Crea un árbol sin hijos con el valor especificado
            </summary>
            <param name="valor">valor para el nodo raiz</param>
        </member>
        <member name="M:Weboo.Utils.Arbol`1.#ctor(`0,Weboo.Utils.Arbol{`0}[])">
            <summary>
            Crea un árbol con el conjunto de árboles especificados como hijos
            </summary>
            <param name="valor"></param>
            <param name="hijos"></param>
        </member>
        <member name="M:Weboo.Utils.Arbol`1.EliminaHijo(Weboo.Utils.Arbol{`0})">
            <summary>
            Poda el árbol eliminando el hijo especificado, utilizando la igualdad
            por referencia
            </summary>
            <param name="hijo">subárbol que será eliminado</param>
        </member>
        <member name="M:Weboo.Utils.Arbol`1.InsertaHijo(Weboo.Utils.Arbol{`0},Weboo.Utils.Arbol{`0})">
            <summary>
            Inserta un nuevo árbol dentro de la lista de árboles hijos.
            </summary>
            <param name="hijoAInsertar">Árbol a insertar</param>
            <param name="hijo">Árbol hijo delante del cual se quiere insertar el nuevo árbol.    
            Si el parámetro es null o no se encuentra dentro de la lista
            de árboles hijos, entonces el nuevo árbol se inserta al final de la lista de   
            hijos</param>
        </member>
        <member name="M:Weboo.Utils.Arbol`1.AgregaHijo(Weboo.Utils.Arbol{`0})">
            <summary>
            Añade un nuevo hijo al árbol. El hijo agregado pasará a ser el último hijo del
            árbol.
            </summary>
            <param name="hijo"></param>
        </member>
        <member name="M:Weboo.Utils.Arbol`1.ImprimeArbol">
            <summary>
            Imprime un arbol en consola siguiendo un recorrido en Preorden
            </summary>
        </member>
        <member name="P:Weboo.Utils.Arbol`1.Valor">
            <summary>
            Valor del nodo raiz
            </summary>
        </member>
        <member name="P:Weboo.Utils.Arbol`1.Hijos">
            <summary>
            IEnumerable de Árboles Hijos. Devuelve una copia exacta de los hijos
            en el momento que es invocado
            </summary>
        </member>
        <member name="P:Weboo.Utils.Arbol`1.Preorden">
            <summary>
            Enumera los elementos del árbol en Preorden 
            </summary>
        </member>
        <member name="T:Weboo.Utils.Condicion`1">
            <summary>
            Devuelve true si la condición que representa se 
            cumple para el parámetro especificado.
            Algunos ejemplos de valores que se le pueden 
            asignar a este delegate:
                (int x)=> x % 2 == 1
                delegate (int ar) { return ar % 2 == 1; })
                EsImpar /*donde EsImpar es un método que recibe un entero
                y determina si es impar*/
            </summary>
            <typeparam name="T">Tipo del parámetro</typeparam>
            <param name="elemento">Parámetro para evaluar la condición</param>
            <returns>True si la condición se cumple</returns>       
        </member>
    </members>
</doc>
